N,replicate,jobs,oracle_cost,tpr_cost,gap_per_household,zero_zone_fraction,coordinator_margin_min,min_household_saving,runtime_seconds
5,0,12,-73.84160834946302,-71.96430228246024,0.3754612134005555,0.125,-4.440892098500626e-16,2.7370609304512747,0.008643410168588161
5,1,11,-73.6178502966531,-72.48183504897688,0.22720304953524534,0.11458333333333333,-4.440892098500626e-16,1.8044770163296384,0.0057713668793439865
5,2,12,-67.45799375028501,-66.49081354240546,0.19343604157591016,0.11458333333333333,-4.440892098500626e-16,0.6767703448838631,0.005988975055515766
5,3,7,-105.08926459184772,-105.08926459184775,0.0,0.0,-1.3322676295501878e-15,0.0,0.00514135230332613
5,4,11,-77.47246859881905,-76.93221703632253,0.10805031249930437,0.0625,-4.440892098500626e-16,1.8819203457820564,0.005465010181069374
5,5,5,-126.83328378840841,-126.8332837884085,0.0,0.010416666666666666,-4.440892098500626e-16,0.0,0.004809095524251461
5,6,10,-78.21433528484302,-77.31142635172704,0.18058178662319618,0.08333333333333333,-2.914335439641036e-16,1.2726018961748249,0.0056328680366277695
5,7,7,-103.29177303097185,-102.9118253618056,0.07598953383325124,0.0625,-4.440892098500626e-16,1.0301288960214166,0.0051175327971577644
5,8,9,-100.74087823091905,-100.7408782309191,0.0,0.052083333333333336,-4.440892098500626e-16,2.660443084901683,0.005308531224727631
5,9,9,-99.30722275917459,-99.30722275917456,5.684341886080802e-15,0.041666666666666664,-4.440892098500626e-16,1.5847333935014483,0.005238721147179604
5,10,10,-80.66804122869739,-80.44496037692207,0.044616170355064357,0.03125,-4.440892098500626e-16,3.7511962443539186,0.0055056288838386536
5,11,8,-100.52292794188091,-99.99397876305972,0.10578983576423866,0.08333333333333333,-8.881784197001252e-16,2.2732019663434464,0.005362940952181816
5,12,8,-100.20550324200333,-100.2055032420033,5.684341886080802e-15,0.0,-4.440892098500626e-16,1.5922736893501757,0.004995903931558132
5,13,11,-85.50592436482384,-84.62524826704642,0.17613521955548492,0.125,-5.551115123125783e-16,0.8886676979368211,0.005723306909203529
5,14,10,-85.66873571191228,-83.53954872909655,0.4258373965631449,0.0625,-4.440892098500626e-16,2.4879272248597353,0.0054738400503993034
5,15,10,-87.12001233949447,-86.91850057524508,0.04030235284987782,0.0625,-8.881784197001252e-16,0.25234776977565687,0.005381729453802109
10,0,14,-206.66020442661963,-206.66020442661966,0.0,0.0,-8.881784197001252e-16,0.0,0.005874546244740486
10,1,16,-195.94509826735043,-195.34823840318114,0.059685986416928925,0.08333333333333333,-8.881784197001252e-16,1.1740154184099083,0.006468561477959156
10,2,14,-216.10681186135446,-216.10681186135446,0.0,0.010416666666666666,-8.881784197001252e-16,0.0,0.005808286368846893
10,3,17,-205.1646163264358,-205.16461632643575,5.684341886080802e-15,0.010416666666666666,-1.3322676295501878e-15,0.0,0.006106994114816189
10,4,14,-225.96581713917845,-225.96581713917845,0.0,0.0,-8.881784197001252e-16,0.0,0.005957295186817646
10,5,19,-175.8404233940733,-175.84042339407335,0.0,0.010416666666666666,-1.3322676295501878e-15,0.0,0.0067544374614953995
10,6,17,-180.62961431062507,-180.62961431062504,2.842170943040401e-15,0.010416666666666666,-8.881784197001252e-16,2.3593328734490484,0.006256973370909691
10,7,18,-185.0158209197761,-185.01582091977602,8.526512829121202e-15,0.0,-8.881784197001252e-16,0.0,0.00632834155112505
10,8,17,-192.52993742793956,-192.52993742793947,8.526512829121202e-15,0.0,-8.881784197001252e-16,0.0,0.006211062893271446
10,9,14,-217.3103596200355,-217.31035962003563,0.0,0.0,-1.7763568394002505e-15,2.1489835407691302,0.005992424674332142
10,10,14,-221.55212670345733,-221.5521267034573,2.842170943040401e-15,0.0,-8.881784197001252e-16,1.1116853684108854,0.005893205292522907
10,11,16,-198.55367101292484,-198.5536710129248,2.842170943040401e-15,0.020833333333333332,-8.881784197001252e-16,0.0,0.0061141736805438995
10,12,16,-211.79877786546206,-211.79877786546206,0.0,0.0,-8.881784197001252e-16,0.0,0.0061380136758089066
10,13,17,-198.55654198233242,-198.55654198233242,0.0,0.03125,-6.661338147750939e-16,0.0,0.006249302998185158
10,14,16,-206.13324603280057,-206.1332460328005,5.684341886080802e-15,0.010416666666666666,-1.3322676295501878e-15,0.0,0.006183923222124577
10,15,16,-216.17226246726463,-216.17226246726466,0.0,0.0,-1.3322676295501878e-15,0.0,0.006016484461724758
15,0,29,-262.05074388822067,-262.0507438882207,0.0,0.0,-1.7763568394002505e-15,0.0,0.00787797849625349
15,1,32,-252.84297381672724,-252.84297381672724,0.0,0.020833333333333332,-2.220446049250313e-15,2.417636965058051,0.008258184418082237
15,2,25,-289.41567130290764,-289.4156713029075,7.579122514774402e-15,0.0,-1.7763568394002505e-15,0.0,0.007317112758755684
15,3,30,-259.3252728841997,-259.32527288419976,0.0,0.010416666666666666,-1.4432899320127035e-15,2.0671220430650123,0.007843276485800743
15,4,26,-293.3241251850402,-293.3241251850402,0.0,0.010416666666666666,-1.7763568394002505e-15,0.0,0.007472671568393707
15,5,25,-306.8058623295977,-306.80586232959774,0.0,0.0,-1.7763568394002505e-15,0.0,0.007229233160614967
15,6,25,-311.8459080413339,-311.845908041334,0.0,0.0,-1.7763568394002505e-15,0.0,0.007101194933056831
15,7,26,-298.8362048733402,-298.8362048733402,0.0,0.020833333333333332,-1.7763568394002505e-15,1.8661330673889154,0.007349612191319466
15,8,23,-309.7445188836773,-309.7445188836773,0.0,0.0,-2.6645352591003757e-15,0.0,0.006927795708179474
15,9,26,-292.1500388877903,-292.1500388877902,7.579122514774402e-15,0.0,-2.220446049250313e-15,0.0,0.007169255055487156
15,10,24,-294.4591950950707,-294.45919509507075,0.0,0.0,-1.7763568394002505e-15,2.1216786306663167,0.0071501536294817924
15,11,23,-310.41982629676676,-310.41982629676676,0.0,0.0,-2.220446049250313e-15,0.0,0.007098564878106117
15,12,28,-284.1094751230962,-284.10947512309616,3.789561257387201e-15,0.0,-1.7763568394002505e-15,1.6368139858369375,0.007757948711514473
15,13,28,-282.9824670594473,-282.98246705944723,3.789561257387201e-15,0.0,-2.220446049250313e-15,1.6863372136045243,0.007675659842789173
15,14,27,-284.5969384823391,-284.5969384823392,0.0,0.0,-1.3322676295501878e-15,0.0,0.007519841194152832
15,15,28,-278.5131518218066,-278.51315182180673,0.0,0.010416666666666666,-1.3322676295501878e-15,0.0,0.007915528491139412
20,0,36,-388.0893679811834,-388.0893679811834,0.0,0.010416666666666666,-1.7763568394002505e-15,0.0,0.00885005947202444
20,1,45,-326.40223346966707,-326.4022334696672,0.0,0.010416666666666666,-2.6645352591003757e-15,2.022518726831784,0.009967307560145855
20,2,37,-369.66407915774863,-369.6640791577486,2.842170943040401e-15,0.010416666666666666,-2.6645352591003757e-15,0.0,0.008882319554686546
20,3,37,-347.6141574057445,-347.6141574057446,0.0,0.0,-2.6645352591003757e-15,1.4405691059249577,0.009082776494324207
20,4,40,-343.131239983905,-343.1312399839051,0.0,0.0,-2.6645352591003757e-15,0.0,0.009428703226149082
20,5,35,-382.17761601731945,-382.1776160173194,2.842170943040401e-15,0.0,-1.7763568394002505e-15,0.0,0.008860639296472073
20,6,37,-378.4226644074013,-378.4226644074013,0.0,0.0,-2.6645352591003757e-15,0.7821807028975272,0.009178925305604935
20,7,41,-355.51111749147367,-355.51111749147356,5.684341886080802e-15,0.0,-1.7763568394002505e-15,1.6245828454063798,0.009215754456818104
20,8,36,-401.72275566922974,-401.72275566923,0.0,0.0,-2.6645352591003757e-15,0.0,0.008556801825761795
20,9,38,-394.3998146000165,-394.3998146000165,0.0,0.0,-1.7763568394002505e-15,0.0,0.008552201092243195
20,10,31,-406.3122571397439,-406.3122571397439,0.0,0.0,-2.6645352591003757e-15,0.0,0.008045216090977192
20,11,35,-375.3695975404739,-375.3695975404738,2.842170943040401e-15,0.0,-2.6645352591003757e-15,0.0,0.008484832011163235
20,12,37,-387.148186139048,-387.148186139048,0.0,0.0,-3.552713678800501e-15,0.0,0.008642740547657013
20,13,39,-330.1851783538992,-330.185178353899,8.526512829121202e-15,0.0,-2.6645352591003757e-15,0.0,0.008856398053467274
20,14,28,-433.0362168813408,-433.0362168813407,5.684341886080802e-15,0.0,-1.7763568394002505e-15,0.0,0.007690459489822388
20,15,29,-410.7153672632368,-410.7153672632369,0.0,0.010416666666666666,-2.6645352591003757e-15,0.0,0.007942628115415573
25,0,45,-481.32215021874845,-481.32215021874856,0.0,0.0,-1.7763568394002505e-15,0.0,0.009642031975090504
25,1,46,-475.2124416063183,-475.2124416063183,0.0,0.0,-1.7763568394002505e-15,0.0,0.009958977811038494
25,2,37,-535.3865164512528,-535.3865164512529,0.0,0.0,-2.6645352591003757e-15,0.0,0.008824718184769154
25,3,38,-527.420543898547,-527.4205438985467,9.094947017729283e-15,0.0,-1.7763568394002505e-15,0.0,0.009007146582007408
25,4,43,-497.56985403924176,-497.56985403924216,0.0,0.0,-2.6645352591003757e-15,0.0,0.009420753456652164
25,5,45,-496.7134656657348,-496.71346566573493,0.0,0.0,-2.6645352591003757e-15,0.0,0.009539632126688957
25,6,41,-510.3418805567329,-510.341880556733,0.0,0.0,-3.552713678800501e-15,0.0,0.009334024041891098
25,7,43,-488.061719914784,-488.061719914784,0.0,0.0,-2.6645352591003757e-15,0.0,0.009377864189445972
25,8,37,-530.3356931490438,-530.335693149044,0.0,0.0,-3.552713678800501e-15,0.0,0.008788908831775188
25,9,43,-493.8849155742445,-493.8849155742446,0.0,0.0,-1.7763568394002505e-15,0.0,0.009408922865986824
25,10,43,-498.03224553275646,-498.0322455327564,2.2737367544323206e-15,0.0,-1.7763568394002505e-15,1.4682103340658692,0.009466912597417831
25,11,44,-468.4664998761952,-468.46649987619526,0.0,0.0,-2.6645352591003757e-15,0.0,0.009632841683924198
25,12,40,-499.03452061288624,-499.0345206128862,2.2737367544323206e-15,0.0,-2.6645352591003757e-15,0.0,0.0092854555696249
25,13,42,-474.4007145994802,-474.4007145994801,2.2737367544323206e-15,0.0,-1.7763568394002505e-15,0.0,0.009264274500310421
25,14,36,-514.5425184403737,-514.5425184403738,0.0,0.0,-3.552713678800501e-15,0.0,0.008794439025223255
25,15,41,-482.00758900995993,-482.00758900995993,0.0,0.0,-2.220446049250313e-15,0.6788748831509324,0.00928474497050047
30,0,56,-550.1693676416897,-550.1693676416899,0.0,0.0,-5.329070518200751e-15,0.0,0.011027018539607525
30,1,61,-543.8519041289509,-543.8519041289508,3.789561257387201e-15,0.0,-3.552713678800501e-15,0.3723605509362784,0.011478614993393421
30,2,53,-564.496689111403,-564.496689111403,0.0,0.0,-3.552713678800501e-15,0.0,0.010524102486670017
30,3,51,-584.406460675198,-584.4064606751982,0.0,0.0,-3.552713678800501e-15,0.0,0.010504323057830334
30,4,48,-592.067926367651,-592.0679263676511,0.0,0.0,-3.552713678800501e-15,0.0,0.010274136438965797
30,5,45,-666.8350605576461,-666.8350605576461,0.0,0.0,-4.440892098500626e-15,0.0,0.00967584177851677
30,6,56,-524.7157914222853,-524.7157914222853,0.0,0.010416666666666666,-3.552713678800501e-15,0.0,0.011192826554179192
30,7,54,-576.0384154980904,-576.0384154980903,3.789561257387201e-15,0.0,-2.6645352591003757e-15,0.0,0.010587703436613083
30,8,54,-599.3396933098167,-599.3396933098168,0.0,0.0,-3.552713678800501e-15,0.0,0.010718771256506443
30,9,60,-557.410017912279,-557.410017912279,0.0,0.0,-4.440892098500626e-15,0.0,0.011264186352491379
30,10,48,-623.1562738562817,-623.1562738562819,0.0,0.0,-3.552713678800501e-15,0.0,0.010096818208694458
30,11,52,-567.0141514306138,-567.0141514306137,3.789561257387201e-15,0.0,-3.552713678800501e-15,0.0,0.010378695093095303
30,12,57,-569.5959374933285,-569.5959374933284,3.789561257387201e-15,0.0,-3.552713678800501e-15,0.0,0.011031068861484528
30,13,47,-612.2656385857587,-612.2656385857586,3.789561257387201e-15,0.0,-7.105427357601002e-15,0.0,0.009932967834174633
30,14,59,-533.7510592680991,-533.751059268099,3.789561257387201e-15,0.0,-3.552713678800501e-15,0.0,0.011297137476503849
30,15,60,-520.7779975479217,-520.7779975479216,3.789561257387201e-15,0.0,-3.552713678800501e-15,1.0454620313891354,0.011323955841362476
40,0,70,-779.8444409019422,-779.8444409019421,2.842170943040401e-15,0.0,-3.552713678800501e-15,0.0,0.012757033109664917
40,1,78,-739.7678571181947,-739.7678571181948,0.0,0.0,-3.552713678800501e-15,1.8706477119368756,0.013805612921714783
40,2,71,-770.0810036489635,-770.0810036489638,0.0,0.0,-3.552713678800501e-15,0.0,0.012904590927064419
40,3,65,-792.0996000730029,-792.0996000730029,0.0,0.0,-3.552713678800501e-15,0.0,0.012205407954752445
40,4,65,-789.8621103252574,-789.8621103252575,0.0,0.0,-3.552713678800501e-15,0.0,0.01232723705470562
40,5,77,-739.0098186504877,-739.0098186504879,0.0,0.0,-3.552713678800501e-15,0.8243333714716172,0.013522765599191189
40,6,76,-737.5980036702066,-737.5980036702065,2.842170943040401e-15,0.0,-3.552713678800501e-15,0.3891596503331094,0.013356508687138557
40,7,69,-772.0928501056252,-772.0928501056251,2.842170943040401e-15,0.0,-3.552713678800501e-15,0.0,0.012658894062042236
40,8,68,-793.605724097505,-793.6057240975051,0.0,0.0,-3.552713678800501e-15,0.0,0.012506725266575813
40,9,64,-820.1150777462105,-820.1150777462105,0.0,0.0,-2.6645352591003757e-15,0.0,0.012123579159379005
40,10,74,-758.7262807977446,-758.7262807977447,0.0,0.0,-3.552713678800501e-15,0.0,0.013159048743546009
40,11,80,-708.3992006298965,-708.3992006298967,0.0,0.0,-3.552713678800501e-15,0.0,0.013986211270093918
40,12,67,-762.5320998520174,-762.5320998520177,0.0,0.0,-1.7763568394002505e-15,0.0,0.012688753195106983
40,13,66,-807.0073426770454,-807.0073426770457,0.0,0.0,-3.552713678800501e-15,0.0,0.01223787758499384
40,14,71,-756.3274296979387,-756.3274296979387,0.0,0.0,-3.552713678800501e-15,0.0,0.013011560775339603
40,15,75,-737.2553542542166,-737.2553542542169,0.0,0.0,-3.552713678800501e-15,1.0387858203516807,0.013526136055588722
50,0,78,-1044.6326444913848,-1044.6326444913852,0.0,0.0,-5.329070518200751e-15,0.0,0.013843751512467861
50,1,90,-964.898397114936,-964.8983971149355,9.094947017729283e-15,0.0,-5.329070518200751e-15,0.0,0.015040801838040352
50,2,91,-953.83764966905,-953.8376496690504,0.0,0.0,-5.329070518200751e-15,0.0,0.015047142282128334
50,3,96,-906.7593179392402,-906.7593179392404,0.0,0.0,-6.217248937900877e-15,0.0,0.015741214156150818
50,4,90,-964.5896142653883,-964.5896142653885,0.0,0.0,-5.329070518200751e-15,0.0,0.015317799523472786
50,5,98,-878.268706438808,-878.2687064388077,4.547473508864641e-15,0.0,-3.552713678800501e-15,0.0,0.01625745091587305
50,6,91,-975.5835067730767,-975.5835067730768,0.0,0.0,-5.329070518200751e-15,0.0,0.015352749265730381
50,7,90,-946.3821348140177,-946.3821348140174,6.8212102632969615e-15,0.0,-5.329070518200751e-15,0.0,0.015216209925711155
50,8,87,-990.0065359108593,-990.0065359108592,2.2737367544323206e-15,0.0,-5.329070518200751e-15,0.0,0.014788423664867878
50,9,84,-988.8310157185907,-988.8310157185908,0.0,0.0,-5.329070518200751e-15,0.0,0.014413506723940372
50,10,98,-922.4412902564552,-922.4412902564553,0.0,0.0,-5.329070518200751e-15,0.0,0.016094151884317398
50,11,96,-926.2739575991959,-926.2739575991961,0.0,0.0,-7.105427357601002e-15,0.0,0.01589643396437168
50,12,86,-1005.9280449496466,-1005.9280449496466,0.0,0.0,-5.329070518200751e-15,0.0,0.014623935334384441
50,13,98,-884.3626316026506,-884.3626316026506,0.0,0.0,-3.552713678800501e-15,0.0,0.01622081082314253
50,14,86,-1028.1522179494148,-1028.1522179494145,4.547473508864641e-15,0.0,-5.329070518200751e-15,0.0,0.014972403645515442
50,15,76,-1017.4147755289673,-1017.4147755289673,0.0,0.0,-5.329070518200751e-15,0.0,0.013810503296554089
75,0,138,-1426.2640835628183,-1426.264083562818,3.031649005909761e-15,0.0,-7.105427357601002e-15,0.0,0.021382633596658707
75,1,140,-1378.3678306188974,-1378.3678306188976,0.0,0.0,-1.0658141036401503e-14,0.0,0.021418512798845768
75,2,140,-1417.6622314859007,-1417.6622314859003,6.063298011819522e-15,0.0,-7.105427357601002e-15,0.0,0.021352674812078476
75,3,137,-1422.3204608008684,-1422.3204608008682,3.031649005909761e-15,0.0,-7.105427357601002e-15,0.0,0.020658209919929504
75,4,139,-1445.7357710635515,-1445.735771063552,0.0,0.0,-7.105427357601002e-15,0.0,0.020721719600260258
75,5,137,-1394.3121049212737,-1394.312104921273,9.094947017729283e-15,0.0,-7.105427357601002e-15,0.0,0.020970706827938557
75,6,132,-1446.2775072176485,-1446.2775072176487,0.0,0.0,-1.0658141036401503e-14,0.0,0.020437532104551792
75,7,122,-1519.3897699293252,-1519.3897699293257,0.0,0.0,-7.105427357601002e-15,0.0,0.019233682192862034
75,8,136,-1394.5465665328954,-1394.5465665328948,9.094947017729283e-15,0.0,-7.105427357601002e-15,0.0,0.02105481643229723
75,9,138,-1410.7823757543383,-1410.7823757543383,0.0,0.0,-1.0658141036401503e-14,0.0,0.02145917247980833
75,10,130,-1433.4644623195593,-1433.4644623195597,0.0,0.0,-1.0658141036401503e-14,0.0,0.020104244351387024
75,11,137,-1404.7064087842703,-1404.7064087842705,0.0,0.0,-1.0658141036401503e-14,0.0,0.02060655038803816
75,12,137,-1421.4215103852582,-1421.4215103852578,6.063298011819522e-15,0.0,-7.105427357601002e-15,0.0,0.02114925440400839
75,13,140,-1401.7148586459714,-1401.7148586459712,3.031649005909761e-15,0.0,-1.4210854715202004e-14,0.0,0.020774669013917446
75,14,156,-1300.546063858562,-1300.5460638585619,3.031649005909761e-15,0.0,-1.0658141036401503e-14,1.6285431039285037,0.02312779799103737
75,15,143,-1385.0393692493624,-1385.0393692493622,3.031649005909761e-15,0.0,-7.105427357601002e-15,0.0,0.021750149317085743
100,0,168,-1933.8153126512657,-1933.8153126512661,0.0,0.0,-1.0658141036401503e-14,0.0,0.025748873129487038
100,1,169,-1968.0694450447354,-1968.0694450447354,0.0,0.0,-1.4210854715202004e-14,0.0,0.025230678729712963
100,2,181,-1882.3562563511157,-1882.3562563511152,4.547473508864641e-15,0.0,-1.7763568394002505e-14,0.0,0.02680779341608286
100,3,171,-1947.487014969942,-1947.4870149699423,0.0,0.0,-1.0658141036401503e-14,0.0,0.02584874350577593
100,4,176,-1902.6128072699569,-1902.6128072699566,2.2737367544323206e-15,0.0,-1.0658141036401503e-14,0.0,0.0266041848808527
100,5,170,-1955.6418325564323,-1955.6418325564323,0.0,0.0,-1.0658141036401503e-14,0.0,0.025879872031509876
100,6,170,-2011.6836645950239,-2011.6836645950243,0.0,0.0,-1.0658141036401503e-14,0.0,0.02490388136357069
100,7,175,-1916.9000567401133,-1916.9000567401133,0.0,0.0,-1.0658141036401503e-14,0.0,0.026533866301178932
100,8,177,-1897.628479258402,-1897.6284792584013,6.8212102632969615e-15,0.0,-1.0658141036401503e-14,0.0,0.026773364283144474
100,9,174,-1952.0056177019787,-1952.0056177019787,0.0,0.0,-1.0658141036401503e-14,0.0,0.026042090728878975
100,10,172,-1953.7884741716625,-1953.7884741716623,2.2737367544323206e-15,0.0,-1.0658141036401503e-14,0.0,0.02605073992162943
100,11,182,-1898.173797244531,-1898.1737972445317,0.0,0.0,-1.0658141036401503e-14,0.0,0.026649565435945988
100,12,163,-2015.86837076056,-2015.86837076056,0.0,0.0,-1.0658141036401503e-14,0.0,0.0247354619204998
100,13,174,-1943.9878470483307,-1943.9878470483309,0.0,0.0,-1.4210854715202004e-14,0.0,0.025976480916142464
100,14,179,-1972.330943903878,-1972.3309439038794,0.0,0.0,-1.0658141036401503e-14,0.0,0.026117430068552494
100,15,188,-1808.3055440392352,-1808.3055440392345,6.8212102632969615e-15,0.0,-1.0658141036401503e-14,0.0,0.027602046728134155
125,0,223,-2385.3581047084626,-2385.358104708463,0.0,0.0,-1.4210854715202004e-14,0.0,0.0324514526873827
125,1,216,-2406.3377504110827,-2406.337750411084,0.0,0.0,-1.0658141036401503e-14,0.0,0.0319128455594182
125,2,226,-2391.904053057332,-2391.904053057332,0.0,0.0,-1.4210854715202004e-14,0.0,0.032173505052924156
125,3,210,-2481.039751300407,-2481.0397513004077,0.0,0.0,-1.0658141036401503e-14,0.0,0.030722747556865215
125,4,231,-2356.7102975440453,-2356.7102975440453,0.0,0.0,-1.4210854715202004e-14,0.0,0.03326881490647793
125,5,230,-2342.3530159929014,-2342.3530159929014,0.0,0.0,-1.4210854715202004e-14,0.0,0.03435743506997824
125,6,228,-2380.2951456276146,-2380.2951456276146,0.0,0.0,-1.4210854715202004e-14,0.0,0.03263554070144892
125,7,232,-2381.8262416778784,-2381.82624167788,0.0,0.0,-1.4210854715202004e-14,0.0,0.03293213713914156
125,8,222,-2417.8610135062436,-2417.8610135062436,0.0,0.0,-1.4210854715202004e-14,0.0,0.03151769004762173
125,9,226,-2362.9209969444573,-2362.9209969444582,0.0,0.0,-1.7763568394002505e-14,0.0,0.03284934815019369
125,10,221,-2400.2050720744,-2400.2050720744,0.0,0.0,-1.4210854715202004e-14,0.0,0.0498905424028635
125,11,223,-2438.253884480206,-2438.253884480207,0.0,0.0,-1.4210854715202004e-14,0.0,0.03209974430501461
125,12,225,-2316.6910750002103,-2316.6910750002107,0.0,0.0,-1.4210854715202004e-14,0.0,0.032610480673611164
125,13,237,-2354.9038848818527,-2354.9038848818527,0.0,0.0,-1.4210854715202004e-14,0.0,0.03354169148951769
125,14,221,-2421.7788632512056,-2421.7788632512056,0.0,0.0,-1.4210854715202004e-14,0.0,0.03153359051793814
125,15,218,-2415.674630734398,-2415.674630734398,0.0,0.0,-1.4210854715202004e-14,0.0,0.03185311798006296
150,0,264,-2865.545381303087,-2865.545381303087,0.0,0.0,-1.0658141036401503e-14,0.0,0.03773372434079647
150,1,294,-2677.8552678862084,-2677.855267886209,0.0,0.0,-2.1316282072803006e-14,0.0,0.04106323141604662
150,2,276,-2753.7288036055147,-2753.7288036055133,9.094947017729283e-15,0.0,-1.4210854715202004e-14,0.0,0.03936111740767956
150,3,291,-2701.3474333001163,-2701.347433300117,0.0,0.0,-2.1316282072803006e-14,0.0,0.040630437433719635
150,4,295,-2649.879335186984,-2649.879335186985,0.0,0.0,-1.4210854715202004e-14,0.0,0.04119049105793238
150,5,295,-2716.9548218721334,-2716.954821872133,3.031649005909761e-15,0.0,-1.4210854715202004e-14,0.0,0.04035272914916277
150,6,288,-2754.9432143546123,-2754.943214354613,0.0,0.0,-1.4210854715202004e-14,0.0,0.03989515360444784
150,7,284,-2789.8872421826763,-2789.8872421826754,6.063298011819522e-15,0.0,-1.4210854715202004e-14,0.0,0.0394307067617774
150,8,252,-2976.6351849275534,-2976.6351849275534,0.0,0.0,-1.4210854715202004e-14,0.0,0.03589428961277008
150,9,266,-2870.4720901270493,-2870.4720901270503,0.0,0.0,-1.4210854715202004e-14,0.0,0.0380207896232605
150,10,256,-3014.4115322559055,-3014.4115322559073,0.0,0.0,-1.4210854715202004e-14,0.0,0.036579043604433537
150,11,255,-2961.214084573614,-2961.214084573615,0.0,0.0,-1.4210854715202004e-14,0.0,0.036120337434113026
150,12,262,-2922.3575613512535,-2922.3575613512535,0.0,0.0,-1.0658141036401503e-14,0.0,0.03690703120082617
150,13,286,-2754.46084176437,-2754.4608417643703,0.0,0.0,-1.4210854715202004e-14,0.0,0.03962210565805435
150,14,275,-2855.806126101997,-2855.806126101997,0.0,0.0,-2.1316282072803006e-14,0.0,0.03848519641906023
150,15,261,-2900.4962118495882,-2900.496211849587,9.094947017729283e-15,0.0,-1.4210854715202004e-14,0.0,0.03641394432634115
175,0,307,-3425.58460111037,-3425.5846011103718,0.0,0.0,-2.842170943040401e-14,0.0,0.0423277011141181
175,1,304,-3384.425666184543,-3384.425666184543,0.0,0.0,-1.7763568394002505e-14,0.0,0.04364066943526268
175,2,317,-3359.781427687847,-3359.7814276878476,0.0,0.0,-1.7763568394002505e-14,0.0,0.04424174316227436
175,3,308,-3355.5246318208033,-3355.5246318208037,0.0,0.0,-1.4210854715202004e-14,0.0,0.043483980000019073
175,4,324,-3334.3789708201634,-3334.3789708201643,0.0,0.0,-1.4210854715202004e-14,0.0,0.044379851780831814
175,5,332,-3224.476564163344,-3224.476564163344,0.0,0.0,-2.1316282072803006e-14,0.0,0.04583125840872526
175,6,322,-3256.487595484523,-3256.487595484524,0.0,0.0,-2.1316282072803006e-14,0.0,0.04487352818250656
175,7,326,-3253.338398028043,-3253.3383980280432,0.0,0.0,-1.4210854715202004e-14,0.0,0.04526680335402489
175,8,305,-3468.328145142169,-3468.3281451421676,7.795668872339385e-15,0.0,-2.1316282072803006e-14,0.0,0.04204827453941107
175,9,304,-3384.3051413633166,-3384.3051413633148,1.039422516311918e-14,0.0,-2.1316282072803006e-14,0.0,0.04413855355232954
175,10,352,-3058.7031749427265,-3058.703174942726,2.598556290779795e-15,0.0,-2.1316282072803006e-14,0.0,0.04786284081637859
175,11,304,-3407.773560704476,-3407.773560704478,0.0,0.0,-2.1316282072803006e-14,0.0,0.043139453046023846
175,12,319,-3320.2690792397984,-3320.269079239797,7.795668872339385e-15,0.0,-2.1316282072803006e-14,0.0,0.04498887713998556
175,13,312,-3420.375988317486,-3420.375988317486,0.0,0.0,-1.4210854715202004e-14,0.0,0.043765828013420105
175,14,307,-3394.666529266502,-3394.666529266503,0.0,0.0,-2.1316282072803006e-14,0.0,0.04331617057323456
175,15,324,-3257.57679110957,-3257.5767911095695,2.598556290779795e-15,0.0,-1.4210854715202004e-14,0.0,0.04503987543284893
200,0,363,-3786.754470600499,-3786.754470600499,0.0,0.0,-2.1316282072803006e-14,0.0,0.05027279816567898
200,1,355,-3847.275646155172,-3847.2756461551735,0.0,0.0,-2.1316282072803006e-14,0.0,0.04909504950046539
200,2,335,-3951.7665169806237,-3951.7665169806232,2.2737367544323206e-15,0.0,-2.1316282072803006e-14,0.0,0.047776869498193264
200,3,345,-3904.9193787895497,-3904.9193787895492,2.2737367544323206e-15,0.0,-1.7763568394002505e-14,0.0,0.04803742840886116
200,4,365,-3749.496784794829,-3749.4967847948283,4.547473508864641e-15,0.0,-2.1316282072803006e-14,0.0,0.05042685568332672
200,5,355,-3813.238829818999,-3813.2388298189985,2.2737367544323206e-15,0.0,-2.1316282072803006e-14,0.0,0.049440646544098854
200,6,367,-3723.29305382696,-3723.29305382696,0.0,0.0,-2.1316282072803006e-14,0.0,0.050996181555092335
200,7,333,-4033.0204136760944,-4033.020413676094,2.2737367544323206e-15,0.0,-1.4210854715202004e-14,0.0,0.04667837079614401
200,8,372,-3745.334844825108,-3745.3348448251063,9.094947017729283e-15,0.0,-2.1316282072803006e-14,0.0,0.05100374110043049
200,9,350,-3897.7210306889638,-3897.7210306889624,6.8212102632969615e-15,0.0,-1.4210854715202004e-14,0.0,0.049211857840418816
200,10,357,-3838.3384923972694,-3838.338492397269,2.2737367544323206e-15,0.0,-1.4210854715202004e-14,0.0,0.04908302891999483
200,11,370,-3729.3128729592913,-3729.3128729592913,0.0,0.0,-1.4210854715202004e-14,0.0,0.052402387373149395
200,12,353,-3859.153883421368,-3859.153883421368,0.0,0.0,-2.1316282072803006e-14,0.0,0.05089861247688532
200,13,377,-3744.3989966040353,-3744.398996604036,0.0,0.0,-1.4210854715202004e-14,0.0,0.05203634221106768
200,14,367,-3797.029714189828,-3797.0297141898272,4.547473508864641e-15,0.0,-1.4210854715202004e-14,0.0,0.05072952248156071
200,15,356,-3855.2102797494676,-3855.210279749468,0.0,0.0,-2.1316282072803006e-14,0.0,0.04978316370397806
